{
  "T1 EN ML/AI-search": {
    "books": 3,
    "chunks": 1535,
    "xenc": -2.9303914308547974,
    "xenc_d": {
      "in_lo": 10.595719337463379,
      "out_hi": -7.4390950202941895,
      "gap": true,
      "in_scores": [
        10.235,
        10.584,
        10.596,
        10.606,
        10.643,
        10.704,
        10.756,
        10.781
      ],
      "out_scores": [
        -10.428,
        -9.49,
        -8.91,
        -8.524,
        -8.413,
        -7.439,
        -7.255,
        -5.597
      ]
    },
    "cos": 0.38229331746697426,
    "cos_d": {
      "in_lo": 0.811157763004303,
      "out_hi": 0.23933850228786469,
      "gap": true,
      "in_scores": [
        0.75,
        0.795,
        0.811,
        0.848,
        0.851,
        0.86,
        0.894,
        0.906
      ],
      "out_scores": [
        0.153,
        0.218,
        0.222,
        0.224,
        0.224,
        0.239,
        0.299,
        0.308
      ]
    },
    "titles": [
      "generative-deep-learning-teaching-machines-to-paint-write-compose-and-play",
      "AI_Search_Algorithms_100_Questions",
      "but_how_do_it_know"
    ]
  },
  "T2 EN economics/publishing": {
    "books": 2,
    "chunks": 2010,
    "xenc": -2.7507896423339844,
    "xenc_d": {
      "in_lo": 10.521246910095215,
      "out_hi": -7.174801826477051,
      "gap": true,
      "in_scores": [
        8.852,
        10.459,
        10.521,
        10.579,
        10.593,
        10.704,
        10.742,
        10.785
      ],
      "out_scores": [
        -10.294,
        -9.087,
        -8.918,
        -8.502,
        -8.392,
        -7.175,
        -6.962,
        -6.738
      ]
    },
    "cos": 0.3291075862944126,
    "cos_d": {
      "in_lo": 0.6761305928230286,
      "out_hi": 0.21343325078487396,
      "gap": true,
      "in_scores": [
        0.513,
        0.637,
        0.676,
        0.766,
        0.806,
        0.876,
        0.88,
        0.912
      ],
      "out_scores": [
        -0.001,
        0.033,
        0.044,
        0.162,
        0.211,
        0.213,
        0.214,
        0.238
      ]
    },
    "titles": [
      "Freakonomics",
      "100 Q&A About Scientific Publishing - Beginner's Guide"
    ]
  },
  "T3 AR + math": {
    "books": 4,
    "chunks": 177,
    "xenc": -1.5851225852966309,
    "xenc_d": {
      "in_lo": 10.614792823791504,
      "out_hi": -5.651761054992676,
      "gap": true,
      "in_scores": [
        10.366,
        10.576,
        10.615,
        10.633,
        10.698,
        10.717,
        10.791,
        10.83
      ],
      "out_scores": [
        -8.572,
        -8.523,
        -7.888,
        -7.495,
        -7.04,
        -5.652,
        -4.762,
        -3.999
      ]
    },
    "cos": 0.4086398780345917,
    "cos_d": {
      "in_lo": 0.8235499858856201,
      "out_hi": 0.2703365087509155,
      "gap": true,
      "in_scores": [
        0.736,
        0.808,
        0.824,
        0.834,
        0.839,
        0.843,
        0.911,
        0.921
      ],
      "out_scores": [
        0.061,
        0.165,
        0.181,
        0.206,
        0.246,
        0.27,
        0.337,
        0.52
      ]
    },
    "titles": [
      "اساسيات البرمجة",
      "اخيرة عربي",
      "الكسور الجزئيه",
      "INVERSE HYPERBOLIC FUNCTIONS"
    ]
  },
  "T4 Mixed AR+EN": {
    "books": 4,
    "chunks": 2733,
    "xenc": -1.3908352851867676,
    "xenc_d": {
      "in_lo": 10.584412574768066,
      "out_hi": -5.382584571838379,
      "gap": true,
      "in_scores": [
        10.47,
        10.483,
        10.584,
        10.601,
        10.615,
        10.783,
        10.819,
        10.828
      ],
      "out_scores": [
        -10.053,
        -9.364,
        -9.077,
        -8.276,
        -8.082,
        -5.383,
        -5.081,
        -3.391
      ]
    },
    "cos": 0.30201753228902817,
    "cos_d": {
      "in_lo": 0.6997093558311462,
      "out_hi": 0.16945359110832214,
      "gap": true,
      "in_scores": [
        0.62,
        0.693,
        0.7,
        0.77,
        0.811,
        0.821,
        0.847,
        0.893
      ],
      "out_scores": [
        -0.041,
        0.006,
        0.075,
        0.149,
        0.165,
        0.169,
        0.237,
        0.34
      ]
    },
    "titles": [
      "generative-deep-learning-teaching-machines-to-paint-write-compose-and-play",
      "Freakonomics",
      "اساسيات البرمجة",
      "اخيرة عربي"
    ]
  },
  "T5 STEM/electronics": {
    "books": 3,
    "chunks": 45,
    "xenc": -3.286810040473938,
    "xenc_d": {
      "in_lo": 10.510994911193848,
      "out_hi": -7.886078357696533,
      "gap": true,
      "in_scores": [
        10.356,
        10.393,
        10.511,
        10.603,
        10.615,
        10.628,
        10.722,
        10.8
      ],
      "out_scores": [
        -10.07,
        -8.923,
        -8.618,
        -8.369,
        -8.234,
        -7.886,
        -7.229,
        -3.754
      ]
    },
    "cos": 0.32482992112636566,
    "cos_d": {
      "in_lo": 0.7774665951728821,
      "out_hi": 0.17395102977752686,
      "gap": true,
      "in_scores": [
        0.736,
        0.754,
        0.777,
        0.8,
        0.896,
        0.904,
        0.908,
        0.948
      ],
      "out_scores": [
        0.071,
        0.073,
        0.104,
        0.123,
        0.164,
        0.174,
        0.241,
        0.272
      ]
    },
    "titles": [
      "Zener-Diode-and-Voltage-Regulation",
      "INVERSE HYPERBOLIC FUNCTIONS",
      "الكسور الجزئيه"
    ]
  }
}