{
  "per_tenant_cutoffs": {
    "T1 EN ML/AI-search": -2.9303914308547974,
    "T2 EN economics/publishing": -2.7507896423339844,
    "T3 AR + math": -1.5851225852966309,
    "T4 Mixed AR+EN": -1.3908352851867676,
    "T5 STEM/electronics": -3.286810040473938
  },
  "per_tenant_scores": {
    "T1 EN ML/AI-search": [
      [
        10.057547569274902,
        1
      ],
      [
        10.485581398010254,
        1
      ],
      [
        10.51490306854248,
        1
      ],
      [
        10.905874252319336,
        1
      ],
      [
        10.6819429397583,
        1
      ],
      [
        10.548055648803711,
        1
      ],
      [
        9.932525634765625,
        1
      ],
      [
        10.590163230895996,
        1
      ],
      [
        10.658132553100586,
        1
      ],
      [
        10.731911659240723,
        1
      ],
      [
        10.5369234085083,
        1
      ],
      [
        10.475592613220215,
        1
      ],
      [
        -8.41514778137207,
        0
      ],
      [
        -5.1046223640441895,
        0
      ],
      [
        -4.034142971038818,
        0
      ],
      [
        -7.542726039886475,
        0
      ],
      [
        -6.174383163452148,
        0
      ],
      [
        -6.657942771911621,
        0
      ],
      [
        -7.302447319030762,
        0
      ],
      [
        -8.307909965515137,
        0
      ],
      [
        -7.202251434326172,
        0
      ],
      [
        -4.60508918762207,
        0
      ],
      [
        -4.153631687164307,
        0
      ],
      [
        -2.384382486343384,
        0
      ]
    ],
    "T2 EN economics/publishing": [
      [
        10.255026817321777,
        1
      ],
      [
        10.643035888671875,
        1
      ],
      [
        10.478934288024902,
        1
      ],
      [
        10.686370849609375,
        1
      ],
      [
        10.445292472839355,
        1
      ],
      [
        10.633407592773438,
        1
      ],
      [
        10.780158042907715,
        1
      ],
      [
        10.282000541687012,
        1
      ],
      [
        9.568865776062012,
        1
      ],
      [
        3.039092779159546,
        1
      ],
      [
        10.430493354797363,
        1
      ],
      [
        10.63713550567627,
        1
      ],
      [
        -6.957010746002197,
        0
      ],
      [
        -6.920267581939697,
        0
      ],
      [
        -5.9482879638671875,
        0
      ],
      [
        -4.697568893432617,
        0
      ],
      [
        -7.631536960601807,
        0
      ],
      [
        -4.127920150756836,
        0
      ],
      [
        -4.395086765289307,
        0
      ],
      [
        -5.849145889282227,
        0
      ],
      [
        -4.5656046867370605,
        0
      ],
      [
        -2.5038087368011475,
        0
      ],
      [
        -4.4752607345581055,
        0
      ],
      [
        -5.69602632522583,
        0
      ]
    ],
    "T3 AR + math": [
      [
        10.57068157196045,
        1
      ],
      [
        10.745460510253906,
        1
      ],
      [
        10.814969062805176,
        1
      ],
      [
        10.598366737365723,
        1
      ],
      [
        10.696887016296387,
        1
      ],
      [
        10.546723365783691,
        1
      ],
      [
        10.571038246154785,
        1
      ],
      [
        10.863594055175781,
        1
      ],
      [
        10.323765754699707,
        1
      ],
      [
        10.356800079345703,
        1
      ],
      [
        10.221135139465332,
        1
      ],
      [
        9.022700309753418,
        1
      ],
      [
        -8.201489448547363,
        0
      ],
      [
        -4.809044361114502,
        0
      ],
      [
        -5.036086559295654,
        0
      ],
      [
        -8.521524429321289,
        0
      ],
      [
        -3.5491750240325928,
        0
      ],
      [
        -7.47214412689209,
        0
      ],
      [
        -9.225537300109863,
        0
      ],
      [
        2.831242799758911,
        0
      ],
      [
        -5.043746471405029,
        0
      ],
      [
        -6.758793354034424,
        0
      ],
      [
        -6.356322288513184,
        0
      ],
      [
        -4.8441033363342285,
        0
      ]
    ],
    "T4 Mixed AR+EN": [
      [
        10.556639671325684,
        1
      ],
      [
        10.562836647033691,
        1
      ],
      [
        10.84475040435791,
        1
      ],
      [
        10.696738243103027,
        1
      ],
      [
        10.801131248474121,
        1
      ],
      [
        3.743326425552368,
        1
      ],
      [
        10.67534351348877,
        1
      ],
      [
        10.669241905212402,
        1
      ],
      [
        10.446330070495605,
        1
      ],
      [
        10.609474182128906,
        1
      ],
      [
        10.601954460144043,
        1
      ],
      [
        10.423197746276855,
        1
      ],
      [
        -4.438472270965576,
        0
      ],
      [
        -3.499067783355713,
        0
      ],
      [
        -7.499452590942383,
        0
      ],
      [
        -5.572797775268555,
        0
      ],
      [
        -7.821679592132568,
        0
      ],
      [
        -5.408848285675049,
        0
      ],
      [
        -6.706324100494385,
        0
      ],
      [
        -4.449609279632568,
        0
      ],
      [
        -4.5656046867370605,
        0
      ],
      [
        -2.5038087368011475,
        0
      ],
      [
        -5.593869686126709,
        0
      ],
      [
        -2.384382486343384,
        0
      ]
    ],
    "T5 STEM/electronics": [
      [
        10.643851280212402,
        1
      ],
      [
        10.802854537963867,
        1
      ],
      [
        10.321211814880371,
        1
      ],
      [
        10.421259880065918,
        1
      ],
      [
        10.569921493530273,
        1
      ],
      [
        10.742735862731934,
        1
      ],
      [
        10.449239730834961,
        1
      ],
      [
        10.266562461853027,
        1
      ],
      [
        10.863594055175781,
        1
      ],
      [
        10.323765754699707,
        1
      ],
      [
        10.635457038879395,
        1
      ],
      [
        10.8252534866333,
        1
      ],
      [
        -7.37272310256958,
        0
      ],
      [
        -4.8255839347839355,
        0
      ],
      [
        -6.519444942474365,
        0
      ],
      [
        -7.119264602661133,
        0
      ],
      [
        -6.229158878326416,
        0
      ],
      [
        -5.340564250946045,
        0
      ],
      [
        -6.441349029541016,
        0
      ],
      [
        -8.656575202941895,
        0
      ],
      [
        -4.194705963134766,
        0
      ],
      [
        -2.8221306800842285,
        0
      ],
      [
        -4.333883762359619,
        0
      ],
      [
        -3.439812421798706,
        0
      ]
    ]
  },
  "global_best_cutoff": 3.039,
  "summary": {
    "(1) SELF-CALIBRATED (label-free)": {
      "acc": 0.9666666666666667,
      "prec": 0.9375,
      "rec": 1.0,
      "f1": 0.967741935483871,
      "tp": 60,
      "fp": 4,
      "tn": 56,
      "fn": 0
    },
    "(2) FIXED -5.0 (old default)": {
      "acc": 0.7916666666666666,
      "prec": 0.7058823529411765,
      "rec": 1.0,
      "f1": 0.8275862068965517,
      "tp": 60,
      "fp": 25,
      "tn": 35,
      "fn": 0
    },
    "(3) BEST GLOBAL fixed = +3.04 (oracle, labels)": {
      "acc": 1.0,
      "prec": 1.0,
      "rec": 1.0,
      "f1": 1.0,
      "tp": 60,
      "fp": 0,
      "tn": 60,
      "fn": 0
    },
    "(4) PER-TENANT ORACLE (labels)": {
      "acc": 0.9916666666666667,
      "prec": 0.9836065573770492,
      "rec": 1.0,
      "f1": 0.9917355371900827,
      "tp": 60,
      "fp": 1,
      "tn": 59,
      "fn": 0
    }
  }
}